{
  "indeed": {
    "x": 150,
    "y": 250
  },
  "text_application": {
    "x": 176.04994906701126,
    "y": 608.6021006138551
  },
  "pre_call_sms": {
    "x": 309.18525443937403,
    "y": 568.3325421985312
  },
  "ai_call": {
    "x": 112.93722843274153,
    "y": 673.3158262866889
  },
  "pre_video_mail": {
    "x": 52.763560169877834,
    "y": 533.1029231761383
  },
  "video_application": {
    "x": 212.38808528374022,
    "y": 694.1160945393043
  },
  "ghost_1": {
    "x": 381.76444159455247,
    "y": 749.1189809546023
  },
  "application_review_1": {
    "x": -5.43255292249313,
    "y": 769.1249881375622
  },
  "rejection_1": {
    "x": 158.95556651141308,
    "y": 813.5613255422472
  },
  "application_review_2": {
    "x": -99.47325122777944,
    "y": 904.1897536263723
  },
  "rejection_2": {
    "x": -283.17790882638144,
    "y": 953.8802079472808
  },
  "video_screening": {
    "x": 70.32124290487481,
    "y": 763.9894585666882
  },
  "high_potential_candidate": {
    "x": -120.3644455233208,
    "y": 606.8584677708177
  },
  "medium_potential_candidate": {
    "x": 167.25989152092774,
    "y": 522.9622638907447
  },
  "low_potential_candidate": {
    "x": 168.9382008733069,
    "y": 966.5553900147412
  },
  "rejection_3": {
    "x": 189.8771824087816,
    "y": 886.5082058513195
  },
  "hp_call_1": {
    "x": -269.83657434488646,
    "y": 253.34678277435626
  },
  "hp_reminder_mail_1": {
    "x": -313.7809923737203,
    "y": 59.81811645531326
  },
  "hp_call_2": {
    "x": -167.91563422983825,
    "y": 191.25545777003313
  },
  "hp_reminder_mail_2": {
    "x": -282.77302488170216,
    "y": 131.30883296701683
  },
  "hp_call_3": {
    "x": -144.0425423091656,
    "y": 112.37346756617549
  },
  "hp_reminder_mail_3": {
    "x": -12.42515472123636,
    "y": 87.34971956697585
  },
  "hp_call_4": {
    "x": -98.67170082762058,
    "y": -12.51251195014522
  },
  "hp_reminder_mail_4": {
    "x": -16.082682137381617,
    "y": -121.22255008882362
  },
  "hp_interview_callback": {
    "x": -165.61726380160871,
    "y": -45.0912664099865
  },
  "hp_interview": {
    "x": -250.56552894376145,
    "y": 20.026517805047575
  },
  "hp_job_offer_accept": {
    "x": 68.70657726843633,
    "y": -121.9138613666368
  },
  "hp_call_rejection": {
    "x": -434.1251147380716,
    "y": 118.34132532892463
  },
  "hp_ghost": {
    "x": 44.224535363336486,
    "y": -319.8757768817572
  },
  "mp_call_1": {
    "x": 352.1288848401497,
    "y": 125.12617580847309
  },
  "mp_reminder_mail_1": {
    "x": 421.672858171238,
    "y": -41.4345399299392
  },
  "mp_call_2": {
    "x": 557.5842465452472,
    "y": 76.33516809826567
  },
  "mp_reminder_mail_2": {
    "x": 728.2441036377618,
    "y": 59.03261920599427
  },
  "mp_call_3": {
    "x": 702.2117012332069,
    "y": -114.92632463737228
  },
  "mp_reminder_mail_3": {
    "x": 824.4707143406669,
    "y": -193.09279010417512
  },
  "mp_interview_callback": {
    "x": 627.8555707903198,
    "y": -103.31121385866449
  },
  "mp_interview": {
    "x": 485.40279029723274,
    "y": -87.7631647958586
  },
  "mp_job_offer_accept": {
    "x": 422.822100562863,
    "y": -230.02727893489208
  },
  "mp_call_rejection": {
    "x": 322.3902168524778,
    "y": -199.62264591866415
  },
  "mp_ghost": {
    "x": 1005.5669718453211,
    "y": -166.0898689833586
  },
  "lp_call_1": {
    "x": 457.89749405007143,
    "y": 923.9360466559564
  },
  "lp_reminder_mail_1": {
    "x": 315.0503193487192,
    "y": 1045.939940741684
  },
  "lp_call_2": {
    "x": 479.26103744262724,
    "y": 993.4275333713035
  },
  "lp_reminder_mail_2": {
    "x": 366.2543026267319,
    "y": 1113.4598058333327
  },
  "lp_interview_callback": {
    "x": 384.3528924392374,
    "y": 920.6645513752718
  },
  "lp_interview": {
    "x": 491.37030464403665,
    "y": 709.6125608210456
  },
  "lp_job_offer_accept": {
    "x": 394.1860279532621,
    "y": 235.67009831911327
  },
  "lp_call_rejection": {
    "x": 672.7759755916638,
    "y": 821.4352658470907
  },
  "lp_ghost": {
    "x": 206.192861827077,
    "y": 1236.8178933841648
  },
  "starting_date_definition": {
    "x": 341.7179188696266,
    "y": -105.17950642377652
  },
  "gs_onboarding_update": {
    "x": 353.7359473837232,
    "y": -283.26250984963696
  },
  "inscription_onboarding": {
    "x": 267.23435892447895,
    "y": -277.9270890357785
  },
  "make_payfit_account": {
    "x": 518.2829028181127,
    "y": -209.63769006426077
  },
  "make_payfit_conrtract": {
    "x": 765.9939661737345,
    "y": -138.5806237438412
  },
  "mail_yousign": {
    "x": 650.5589922557527,
    "y": -249.39577733312922
  },
  "contract_sign": {
    "x": 657.0446780839508,
    "y": -28.958334032886775
  },
  "contract_verification": {
    "x": 465.7225692673342,
    "y": 23.480582281371632
  },
  "contract_rejection": {
    "x": 275.25825890226486,
    "y": -44.029770685345774
  },
  "creation_alan_account": {
    "x": 1221.9146767884179,
    "y": 1587.6455010067855
  }
}